name,photos,description,date,url,_id,author
a large animal skull sitting on top of a rocky field,"[{'url': 'https://images.unsplash.com/photo-1650127564768-5e243af3e6c2?q=80&w=4000&auto=format&fit=crop&ixlib=rb-4.0.3&ixid=M3wxMjA3fDB8MHxwaG90by1wYWdlfHx8fGVufDB8fHx8fA%3D%3D', 'path': 'full/2fd30675bb7076282eaa8879d3c77cfc6aa3bc28.jpg', 'checksum': 'f4d70adbb3365236e9ee083096f4592d', 'status': 'downloaded'}]",Dog‚Äôs skull on sunset,16-04-2022,https://unsplash.com/photos/a-large-animal-skull-sitting-on-top-of-a-rocky-field-hg7bcnLcnQA,64608dd4-7e81-4461-8825-a10bd9c5820b,
a single white flower with a yellow center,"[{'url': 'https://images.unsplash.com/photo-1682106094851-4d02b9a09cf3?q=80&w=5624&auto=format&fit=crop&ixlib=rb-4.0.3&ixid=M3wxMjA3fDB8MHxwaG90by1wYWdlfHx8fGVufDB8fHx8fA%3D%3D', 'path': 'full/597826b08bcbd6fac741ada3989475221bb59885.jpg', 'checksum': '655da8d66f9f2ec9b19626d6c9a8e4f6', 'status': 'downloaded'}]","–ª–µ—Ç–æ, —Ü–≤–µ—Ç—ã, white, and green",21-04-2023,https://unsplash.com/photos/a-single-white-flower-with-a-yellow-center-Hk-QRWSlG0k,56711d33-8f68-42dd-a9d2-04d452f9b377,Andriy Nestruiev (@greendino)
a bunch of wild flowers in a field,"[{'url': 'https://images.unsplash.com/photo-1682106101437-cd10571e90cc?q=80&w=5619&auto=format&fit=crop&ixlib=rb-4.0.3&ixid=M3wxMjA3fDB8MHxwaG90by1wYWdlfHx8fGVufDB8fHx8fA%3D%3D', 'path': 'full/527b768221db5156f93840248bb56e53525ecaa1.jpg', 'checksum': 'e7dee1610b6f77f818c8e3acb9c6f16b', 'status': 'downloaded'}]","flowers, green, herb, and –∂–µ–ª—Ç—ã–π",21-04-2023,https://unsplash.com/photos/a-bunch-of-wild-flowers-in-a-field-ze9i9UkufAw,9ae2f31d-66e9-444d-8f1b-36299f10b255,Andriy Nestruiev (@greendino)
a group of daisies in a field of grass,"[{'url': 'https://images.unsplash.com/photo-1682106088484-1167b8f93fab?q=80&w=6000&auto=format&fit=crop&ixlib=rb-4.0.3&ixid=M3wxMjA3fDB8MHxwaG90by1wYWdlfHx8fGVufDB8fHx8fA%3D%3D', 'path': 'full/b720dd84987ec08be037dc8b4287d32b1172e7d1.jpg', 'checksum': '7a475801f4501444ddc14465e6746b0c', 'status': 'downloaded'}]","blue, green, herb, and –∂–µ–ª—Ç—ã–π",21-04-2023,https://unsplash.com/photos/a-group-of-daisies-in-a-field-of-grass-z9c0P4Z5x1c,8e992a9d-5aad-43ce-9940-5968790b49d7,Andriy Nestruiev (@greendino)
three daisies in a field of wildflowers,"[{'url': 'https://images.unsplash.com/photo-1682106085902-447d893013aa?q=80&w=5899&auto=format&fit=crop&ixlib=rb-4.0.3&ixid=M3wxMjA3fDB8MHxwaG90by1wYWdlfHx8fGVufDB8fHx8fA%3D%3D', 'path': 'full/762b4ce1171a4a525dce6246c2cba1b3e41319c9.jpg', 'checksum': '727720f3c4a63efbdcbfc61f98bf36c8', 'status': 'downloaded'}]","grass, lawn, summer, and –ª–µ–≥–∫–æ—Å—Ç—å",21-04-2023,https://unsplash.com/photos/three-daisies-in-a-field-of-wildflowers-5BHxFneX3Oo,dad959fa-c8ce-438b-945a-5ab53ceb02c4,Andriy Nestruiev (@greendino)
white daisy flower,"[{'url': 'https://images.unsplash.com/photo-1563296564-66b4ba7d42fe?q=80&w=3096&auto=format&fit=crop&ixlib=rb-4.0.3&ixid=M3wxMjA3fDB8MHxwaG90by1wYWdlfHx8fGVufDB8fHx8fA%3D%3D', 'path': 'full/d623775f5cc522e5cef6df0d9a1b4ec6d0dee091.jpg', 'checksum': 'f063d5c3eb6d2843b34e1bae44076288', 'status': 'downloaded'}]","—Ä–æ–º–∞—à–∫–∞, —Ü–≤–µ—Ç–æ–∫, —Ä–æ–º–∞—à–∫–∏, and —Ü–≤–µ—Ç—ã",16-07-2019,https://unsplash.com/photos/white-daisy-flower-Iq9mOiLH2As,9d04cadd-5dc6-4f23-b9ce-64d9d67ab280,Julia Berezina (@julies_v)
a bunch of white daisies in a field,"[{'url': 'https://images.unsplash.com/photo-1693596344803-23b5a47b89fe?q=80&w=3024&auto=format&fit=crop&ixlib=rb-4.0.3&ixid=M3wxMjA3fDB8MHxwaG90by1wYWdlfHx8fGVufDB8fHx8fA%3D%3D', 'path': 'full/c0126af8795e94c2e43e7899039bbd2115fd1e1e.jpg', 'checksum': '2f646d0f5a794087362a1add5a9a8194', 'status': 'downloaded'}]",–†–æ–º–∞—à–∫–∏,01-09-2023,https://unsplash.com/photos/a-bunch-of-white-daisies-in-a-field-rCT3r9Ua4W8,8d5aec1e-079c-4193-bead-0b1c73239eb9,
yellow daisy in bloom during daytime,"[{'url': 'https://images.unsplash.com/photo-1598635597530-33d573d85708?q=80&w=4190&auto=format&fit=crop&ixlib=rb-4.0.3&ixid=M3wxMjA3fDB8MHxwaG90by1wYWdlfHx8fGVufDB8fHx8fA%3D%3D', 'path': 'full/55b5799a3ce25e9dcbcd6bbc8ec8047e39dd3f52.jpg', 'checksum': '9ba90f024d738c09d5b1e082ddaf0e6e', 'status': 'downloaded'}]","yellow, plant, daisy, and daisies",28-08-2020,https://unsplash.com/photos/yellow-daisy-in-bloom-during-daytime-64H3dML3Zz8,9a1a3eb9-8910-4bb6-8b28-b5c2c7418adb,Kathy (@zenitarka)
white and yellow daisy flower in bloom during daytime,"[{'url': 'https://images.unsplash.com/photo-1625689594275-61a2093c191d?q=80&w=6000&auto=format&fit=crop&ixlib=rb-4.0.3&ixid=M3wxMjA3fDB8MHxwaG90by1wYWdlfHx8fGVufDB8fHx8fA%3D%3D', 'path': 'full/667c30a71de448c4a8a1a2a8688cca2fc31c13ff.jpg', 'checksum': '7878cea36e47116525034fbb62566a7e', 'status': 'downloaded'}]","ukraine, chernihiv region, daisies, and flower",07-07-2021,https://unsplash.com/photos/white-and-yellow-daisy-flower-in-bloom-during-daytime-SWtUoXdhC2E,35de9892-7b7a-49f7-9165-ddddc384947b,Dmitry Bukhantsov (@bdv91)
a bowl of tomatoes and a banana on the grass,"[{'url': 'https://images.unsplash.com/photo-1696017953158-073928a6f5a3?q=80&w=4654&auto=format&fit=crop&ixlib=rb-4.0.3&ixid=M3wxMjA3fDB8MHxwaG90by1wYWdlfHx8fGVufDB8fHx8fA%3D%3D', 'path': 'full/846bb3759ccedd296617cc2de28905aacae85177.jpg', 'checksum': 'cf091b1289ca21cbef8201632a48bf98', 'status': 'downloaded'}]","minimalist still life with banana, peppers, tomatoes on grass all this is decorated with daisies in the center",29-09-2023,https://unsplash.com/photos/a-bowl-of-tomatoes-and-a-banana-on-the-grass-xESZJYjkEPM,55bde3a1-088c-4d01-9180-e52d32840dca,
white and yellow daisy flowers,"[{'url': 'https://images.unsplash.com/photo-1617169841775-ca24a78485d2?q=80&w=6000&auto=format&fit=crop&ixlib=rb-4.0.3&ixid=M3wxMjA3fDB8MHxwaG90by1wYWdlfHx8fGVufDB8fHx8fA%3D%3D', 'path': 'full/6b316a758d98a4836fe9e54f5812394dcd4015df.jpg', 'checksum': 'c3cc7635059df3f6498b31f708fd4ad0', 'status': 'downloaded'}]","kyiv, —É–∫—Ä–∞–∏–Ω–∞, daisy, and flower in –ö–∏–µ–≤, –£–∫—Ä–∞–∏–Ω–∞",31-03-2021,https://unsplash.com/photos/white-and-yellow-daisy-flowers-JrQI-SNF1Zs,f637e037-fb67-4bbe-84fa-ca7a557961ab,Aliona Krykunova (@iamakulla)
a field full of purple and white flowers,"[{'url': 'https://images.unsplash.com/photo-1687884026546-ac6b659bede8?q=80&w=6000&auto=format&fit=crop&ixlib=rb-4.0.3&ixid=M3wxMjA3fDB8MHxwaG90by1wYWdlfHx8fGVufDB8fHx8fA%3D%3D', 'path': 'full/558179beb1287c225038a137698b9c7a6d5ff631.jpg', 'checksum': '7c53227a3e3bb84505203503b267a029', 'status': 'downloaded'}]","nature, —Ü–≤–µ—Ç–æ–∫, —É—Ç—Ä–æ, and —Ç—Ä–∞–≤–∞",27-06-2023,https://unsplash.com/photos/a-field-full-of-purple-and-white-flowers-hN-iCAy_QbA,7ce4e94c-485b-41c4-b22e-8394066d3ee0,Andriy Nestruiev (@greendino)
white daisy in bloom during daytime,"[{'url': 'https://images.unsplash.com/photo-1625688915521-4e1930c8e7f0?q=80&w=6000&auto=format&fit=crop&ixlib=rb-4.0.3&ixid=M3wxMjA3fDB8MHxwaG90by1wYWdlfHx8fGVufDB8fHx8fA%3D%3D', 'path': 'full/880c15f3f22d4865c64b0b1509d10adaa641e0b6.jpg', 'checksum': 'a40c00d9e5e9c78d5820f1b8c758af78', 'status': 'downloaded'}]","ukraine, chernihiv region, daisies, and flower",07-07-2021,https://unsplash.com/photos/white-daisy-in-bloom-during-daytime-aQqjmMjvEbs,59c25ead-5644-445b-8eec-60a474aa7029,Dmitry Bukhantsov (@bdv91)
a bunch of flowers that are in the dirt,"[{'url': 'https://images.unsplash.com/photo-1695380248451-6f862246d0a8?q=80&w=2828&auto=format&fit=crop&ixlib=rb-4.0.3&ixid=M3wxMjA3fDB8MHxwaG90by1wYWdlfHx8fGVufDB8fHx8fA%3D%3D', 'path': 'full/1863585536779f88d954c7effb044f5ccaa38155.jpg', 'checksum': 'c933a47cb301d942309594c773cf3109', 'status': 'downloaded'}]","—Ä–æ–º–∞—à–∫–∏, —Ä–æ–º–∞—à–∫–∏ —É –¥–æ—Ä–æ–≥–∏, –∂–∏–∑–Ω—å —É –¥–æ—Ä–æ–≥–∏, and —Ü–≤–µ—Ç—ã",22-09-2023,https://unsplash.com/photos/a-bunch-of-flowers-that-are-in-the-dirt-ddE1dQiwChM,ab1f06ab-d6f9-423b-914f-76089925743c,–ï–∫–∞—Ç–µ—Ä–∏–Ω–∞ –î—å—è—á–µ–Ω–∫–æ (@katrin_bloom)
white flower on green grass during daytime,"[{'url': 'https://images.unsplash.com/photo-1589808996962-d85b20209815?q=80&w=3867&auto=format&fit=crop&ixlib=rb-4.0.3&ixid=M3wxMjA3fDB8MHxwaG90by1wYWdlfHx8fGVufDB8fHx8fA%3D%3D', 'path': 'full/23de9494db1bc07493f69c00f02086ec16f93430.jpg', 'checksum': 'edc00f98afa2eb807435e2c3057b9dc0', 'status': 'downloaded'}]",Chamomile,18-05-2020,https://unsplash.com/photos/white-flower-on-green-grass-during-daytime-LYvY637q-HQ,0b84e7a5-f0ad-43b3-b48c-de4543b53600,
white flowers with green leaves,"[{'url': 'https://images.unsplash.com/photo-1597181394975-044593ef0a9b?q=80&w=4287&auto=format&fit=crop&ixlib=rb-4.0.3&ixid=M3wxMjA3fDB8MHxwaG90by1wYWdlfHx8fGVufDB8fHx8fA%3D%3D', 'path': 'full/73cb93e8ae6992891e7adbfdbb665f809863e7f4.jpg', 'checksum': 'bf48caa8393c16d0be53a0a1107bf1a3', 'status': 'downloaded'}]","—Ä–æ—Å—Å–∏—è, moscow, field flowers, and nature in –ú–æ—Å–∫–≤–∞, –†–æ—Å—Å–∏—è",11-08-2020,https://unsplash.com/photos/white-flowers-with-green-leaves-60fo1UamVn4,618a8068-d575-468d-ac1a-0dd631a046bc,Julia Reushenova (@jreush)
white and yellow daisy flowers,"[{'url': 'https://images.unsplash.com/photo-1563894417729-43775b811bf3?q=80&w=3096&auto=format&fit=crop&ixlib=rb-4.0.3&ixid=M3wxMjA3fDB8MHxwaG90by1wYWdlfHx8fGVufDB8fHx8fA%3D%3D', 'path': 'full/6320b1ea92e5bf97a796c4c061c1ba2037174bf0.jpg', 'checksum': '2900183ba8c556262bff215e0c5138d8', 'status': 'downloaded'}]","—Ç—Ä–∞–≤–∞, –º–æ–¥–∞, –¥–µ—Ä–µ–≤–æ, and —É—é—Ç",23-07-2019,https://unsplash.com/photos/white-and-yellow-daisy-flowers-5rnvvxRr7QQ,935c0fd1-e1ba-421f-a94e-0fb8150c3810,Julia Berezina (@julies_v)
a group of daisies in a field of grass,"[{'url': 'https://images.unsplash.com/photo-1682106083420-10d197a89817?q=80&w=5327&auto=format&fit=crop&ixlib=rb-4.0.3&ixid=M3wxMjA3fDB8MHxwaG90by1wYWdlfHx8fGVufDB8fHx8fA%3D%3D', 'path': 'full/491e021a04e80056f9615bd72e77915d83fa2bc2.jpg', 'checksum': '96234247b2e5b00786cc90eeba7504c2', 'status': 'downloaded'}]","—Ü–≤–µ—Ç—ã, green, herb, and –∂–µ–ª—Ç—ã–π",21-04-2023,https://unsplash.com/photos/a-group-of-daisies-in-a-field-of-grass-z5J6wXP1rJo,99f5c4ca-0841-4649-adb5-ee2a7c560d64,Andriy Nestruiev (@greendino)
a field of white flowers,"[{'url': 'https://images.unsplash.com/photo-1648656451468-8b27a3baef43?q=80&w=3024&auto=format&fit=crop&ixlib=rb-4.0.3&ixid=M3wxMjA3fDB8MHxwaG90by1wYWdlfHx8fGVufDB8fHx8fA%3D%3D', 'path': 'full/d8b1619fa626f63e405db962667d37f49a9503ac.jpg', 'checksum': 'df751db76767b42c9b516800552eda0d', 'status': 'downloaded'}]",Camomiles in Ukraine üá∫üá¶ Instagram - @vitalymazur,30-03-2022,https://unsplash.com/photos/a-field-of-white-flowers-oF-d0tQZPe4,eaae4fd2-104e-44f1-9c0e-fa94fa80aba5,
white daisy in bloom during daytime,"[{'url': 'https://images.unsplash.com/photo-1598634956625-a380dd7d6f24?q=80&w=4580&auto=format&fit=crop&ixlib=rb-4.0.3&ixid=M3wxMjA3fDB8MHxwaG90by1wYWdlfHx8fGVufDB8fHx8fA%3D%3D', 'path': 'full/a7e685a43cbe293fff7add979294b5d5d0e145a4.jpg', 'checksum': '7000631db0d7e08a0f5e1b5b4cda7e93', 'status': 'downloaded'}]","plant, daisy, daisies, and nature",28-08-2020,https://unsplash.com/photos/white-daisy-in-bloom-during-daytime-GSpXfbLVa7I,b7b0284d-ee52-4507-bfb2-9bc38b790a91,Kathy (@zenitarka)
a large animal skull sitting on top of a rocky field,"[{'url': 'https://images.unsplash.com/photo-1650127564768-5e243af3e6c2?q=80&w=4000&auto=format&fit=crop&ixlib=rb-4.0.3&ixid=M3wxMjA3fDB8MHxwaG90by1wYWdlfHx8fGVufDB8fHx8fA%3D%3D', 'path': 'full/2fd30675bb7076282eaa8879d3c77cfc6aa3bc28.jpg', 'checksum': 'f4d70adbb3365236e9ee083096f4592d', 'status': 'uptodate'}]",Dog‚Äôs skull on sunset,16-04-2022,https://unsplash.com/photos/a-large-animal-skull-sitting-on-top-of-a-rocky-field-hg7bcnLcnQA,64ec3b62-bc26-49a9-bd2d-1c4a3a218b76,
