Result Title,URL
Selenium Webdriver: Book1 - Selenium Books,https://duckduckgo.com/y.js?ad_domain=abebooks.com&ad_provider=bingv7aa&ad_type=txad&eddgt=d11FPhParTr3wBf%2DSswbjQ%3D%3D&rut=342eb0528cd6c39033bccb8e344747d7db30cd67c5c3f8e2166a6cb089c8a74f&u3=https%3A%2F%2Fwww.bing.com%2Faclick%3Fld%3De8CFasPejyjd7g8z71qxxs9zVUCUwjIZNdlQfkfzvOd8gglcZvHZgu%2Dn0SlGLGmMdWzoYJmsbyH0tuJYPArvFL421476iCtqBiLIklENXxOgT5HO61jFsa%2DRQDx1nn_lCauhjDXHHxGBWxqKcV8ZPDSKpdsDsoIIhqbB_MBGLLnZkqEWjLM_SQGZ1Cqp8fd2MBT2n4m2zwfu4ofWH7pVHQGcDD_cwv0MK5XDTXU5w0EEaHc9zBo_CeNVuWO81ttaveUsYKhcOuuARt9Id7t7VnENHXj5i4b2AabTjUhRpYALIZiMTB_J_Ttn5PMgxE0gqwl6x9f1qm7BMdHfmzmpnCmd3occvt90Dtx2NKHmyIjjY0LWxaXzL%2DHE2h60lNeq5Dwvn2ErZhMR_pmFyRXxeKvSvtSnF9l5QseeD9UwMToH8YZcnVPvfgY1v%2DN7jagqPBwAQJyGl5m6g_i_4tFGLmVkY5LD_buzHUv8TsNAb%2Dcc8g2ET3vQm4glgU7gx_cd6TFjk%2DyPLSXw0TlMSsNb4sE9P4IfSX48wtp2nhoRAWZ6mNImOWi2bmGH34aExpj8r5wspsefIhTnxNKTUd6ZhLK3%2DkC0t8MksNa5qmVVt0q9xhTMpSt_W3PzOiyzl7%2DhHS7EXGG59MFZZLQX2K5zGy1m3eQBHrsPWaBdVOZa8_nzOfQvI2IDnrNIJk8HqujrBTXSmngBHRIx7ITDcT_tNPd%2DlTElOiXa94fGVVL0oFCegNZFj7HhZphDAuzvFXEEbHdhj0eQ%26u%3DaHR0cHMlM2ElMmYlMmZ3d3cuYWJlYm9va3MuY29tJTJmOTc4MTUxNDE0NDg1NSUyZlNlbGVuaXVtLVdlYmRyaXZlci1Cb29rMS1SYWphbi0xNTE0MTQ0ODU5JTJmcGxwJTNmcmVmXyUzZHBzX21zXzI2NzY5MTc2MSUyNmNtX21tYyUzZG1zbi1fLWNvbXVzX2RzYS1fLW5hYS1fLW5hYSUyNm1zY2xraWQlM2QxMzQwMzVkZjE5NzcxNzRiYjdlYjUzY2U3MjA3ZGQ4Zg%26rlid%3D134035df1977174bb7eb53ce7207dd8f&vqd=4-4562943052575158436811783119618502088&iurl=%7B1%7DIG%3D57F138CE4F02455D995D0EAB7612B5BE%26CID%3D3D237EE554AE67D4291C6ABC55BC6600%26ID%3DDevEx%2C5058.1
Selenium,https://www.selenium.dev/
Top 10 Automation Testing Books For 2024 | LambdaTest,https://www.lambdatest.com/blog/top-books-for-automation-testing/
Write your first Selenium script | Selenium,https://www.selenium.dev/documentation/webdriver/getting_started/first_script/
Selenium Tutorial - Guru99,https://www.guru99.com/selenium-tutorial.html
Complete Selenium WebDriver Tutorial with Examples - LambdaTest,https://www.lambdatest.com/blog/selenium-webdriver-tutorial-with-examples/
Free Selenium Tutorial | Selenium WebDriver Tutorials | For Beginners,https://www.toolsqa.com/selenium-webdriver/selenium-tutorial/
Best Books to Learn Software Automation Testing Engineering,https://www.guvi.in/blog/best-books-to-learn-software-automation-testing/
WebDriver | Selenium,https://www.selenium.dev/documentation/webdriver/
What is Selenium WebDriver? [The Complete Guide],https://www.techgeekbuzz.com/blog/what-is-selenium-webdriver/
What is Selenium? Introduction to Selenium Automation Testing - Guru99,https://www.guru99.com/introduction-to-selenium.html
"Selenium WebDriver Tutorial | Working, Benefits and Limitations",https://www.geeksforgeeks.org/selenium-webdriver-tutorial/
Selenium with Java Tutorial - GeeksforGeeks,https://www.geeksforgeeks.org/selenium-with-java-tutorial/
Selenium Certificate | CP-SAT #1 globally accepted certificate,https://cpsat.agiletestingalliance.org/
Selenium Cheat Sheet - Download in PDF & JPG Format - Intellipaat,https://intellipaat.com/blog/tutorial/selenium-tutorial/selenium-cheat-sheet/
15 Best Software Testing Books for Testers in 2024,https://www.softwaretestingmaterial.com/software-testing-books/
Top 52 Selenium Open Source Projects On GitHub [2024] - LambdaTest,https://www.lambdatest.com/blog/top-selenium-open-source-projects-on-github/
Top 10+ Best Software Testing Books (Manual and Automation Books),https://www.softwaretestinghelp.com/software-testing-books/
Selenium Manager (Beta) | Selenium,https://www.selenium.dev/documentation/selenium_manager/
Demo Websites You Need to Practice Selenium in 2024 - TechBeamers,https://techbeamers.com/websites-to-practice-selenium-webdriver-online/
Plant-Derived Selenium Nanoparticles: Investigating Unique Morphologies ...,https://pubs.rsc.org/en/content/articlelanding/2024/ma/d3ma01126g
Selenium in Water - WaterFilterGuru.com,https://waterfilterguru.com/selenium-in-water/
Selenium 4.19 Released! | Selenium,https://www.selenium.dev/blog/2024/selenium-4-19-released/
Working with cookies | Selenium,https://www.selenium.dev/documentation/webdriver/interactions/cookies/
